mal_id,title_eng,title_jap,episodes,year,image,trailer
81,Mobile Suit Gundam: The 08th MS Team,機動戦士ガンダム 第08MS小隊,12,1996,https://cdn.myanimelist.net/images/anime/9/75618.webp,https://www.youtube.com/watch?v=HJVC_d1tMLc
82,Mobile Suit Gundam 0080: War in the Pocket,機動戦士ガンダム 0080 ポケットの中の戦争,6,1989,https://cdn.myanimelist.net/images/anime/1/82.webp,https://www.youtube.com/watch?v=2dWmXQLb0qw
302,Future Boy Conan,未来少年コナン,26,1978,https://cdn.myanimelist.net/images/anime/6/17529.webp,
338,The Rose of Versailles,ベルサイユのばら,40,1979,https://cdn.myanimelist.net/images/anime/9/57043.webp,https://www.youtube.com/watch?v=XMRtUOOHT_o
535,Slayers Next,スレイヤーズNEXT,26,1996,https://cdn.myanimelist.net/images/anime/1165/92536.webp,
558,,メジャー (第2シリーズ),26,2005,https://cdn.myanimelist.net/images/anime/6/73972.webp,
589,Silver Fang,銀牙　流れ星銀,21,1986,https://cdn.myanimelist.net/images/anime/3/47461.webp,
731,,インターステラ5555,1,2003,https://cdn.myanimelist.net/images/anime/5/82786.webp,https://www.youtube.com/watch?v=qfXYnIhOOtc
781,Case Closed Movie 03: The Last Wizard of the Century,名探偵コナン 世紀末の魔術師,1,1999,https://cdn.myanimelist.net/images/anime/1831/94317.webp,
851,,今日から俺は！！,10,1993,https://cdn.myanimelist.net/images/anime/1042/110294.webp,
962,Aria the Natural,ARIA The NATURAL,26,2006,https://cdn.myanimelist.net/images/anime/2/77621.webp,https://www.youtube.com/watch?v=L4o29FP2C64
1023,Wolf's Rain OVA,ウルフズ・レイン,4,2004,https://cdn.myanimelist.net/images/anime/1091/134883.webp,
1065,,タッチ,101,1985,https://cdn.myanimelist.net/images/anime/3/53087.webp,
1096,Patlabor 2: The Movie,機動警察パトレイバー2 the Movie,1,1993,https://cdn.myanimelist.net/images/anime/6/74764.webp,https://www.youtube.com/watch?v=F4P8eOH89ow
1257,Saint Seiya: The Hades Chapter - Sanctuary,聖闘士星矢 冥王ハーデス十二宮編,13,2002,https://cdn.myanimelist.net/images/anime/1182/122016.webp,
1363,Case Closed Movie 04: Captured In Her Eyes,瞳の中の暗殺者,1,2000,https://cdn.myanimelist.net/images/anime/1196/94319.webp,
1364,Case Closed Movie 05: Countdown to Heaven,名探偵コナン 天国へのカウントダウン,1,2001,https://cdn.myanimelist.net/images/anime/1144/92654.webp,
1365,Case Closed Movie 06: The Phantom of Baker Street,名探偵コナン　ベイカー街(ストリート)の亡霊,1,2002,https://cdn.myanimelist.net/images/anime/1400/94320.webp,https://www.youtube.com/watch?v=W85AwzVtKEU
1367,Detective Conan Movie 08: Magician of the Silver Sky,名探偵コナン 銀翼の奇術師[マジシャン],1,2004,https://cdn.myanimelist.net/images/anime/2/20982.webp,
1382,GaoGaiGar Final,勇者王ガオガイガーFINAL,8,2000,https://cdn.myanimelist.net/images/anime/1187/132740.webp,
1453,Maison Ikkoku,めぞん一刻,96,1986,https://cdn.myanimelist.net/images/anime/6/17576.webp,https://www.youtube.com/watch?v=et7jnupRe7Y
1471,,シティーハンター2,63,1988,https://cdn.myanimelist.net/images/anime/1272/138953.webp,
1486,Kodocha,こどものおもちゃ,102,1996,https://cdn.myanimelist.net/images/anime/5/7016.webp,https://www.youtube.com/watch?v=EEAmHlgY_AY
1506,Detective Conan Movie 10: The Private Eyes' Requiem,名探偵コナン　探偵たちの鎮魂歌[レクイエム],1,2006,https://cdn.myanimelist.net/images/anime/1919/94322.webp,
1842,,メジャー (第3シリーズ),26,2007,https://cdn.myanimelist.net/images/anime/9/73971.webp,
1914,Tales of Saiunkoku,彩雲国物語 第2シリーズ,39,2007,https://cdn.myanimelist.net/images/anime/1998/139962.webp,
1974,Glass Mask,ガラスの仮面 (2005),51,2005,https://cdn.myanimelist.net/images/anime/7/75061.webp,
2004,,花田少年史,25,2002,https://cdn.myanimelist.net/images/anime/2/87319.webp,
2076,The File of Young Kindaichi,金田一少年の事件簿,148,1997,https://cdn.myanimelist.net/images/anime/1702/120440.webp,
2150,,楽しいムーミン一家,78,1990,https://cdn.myanimelist.net/images/anime/13/26765.webp,
2402,Tomorrow's Joe,あしたのジョー,79,1970,https://cdn.myanimelist.net/images/anime/5/64671.webp,
2449,Ghost in the Shell: Stand Alone Complex - The Laughing Man,攻殻機動隊 Stand Alone Complex - The Laughing Man,1,2005,https://cdn.myanimelist.net/images/anime/1127/141116.webp,
2559,Romeo and the Black Brothers,ロミオの青い空,33,1995,https://cdn.myanimelist.net/images/anime/4/17979.webp,
2563,Aria the OVA: Arietta,ARIA The OVA ~ARIETTA~ (アリア ジ オーブイエー ~アリエッタ~),1,2007,https://cdn.myanimelist.net/images/anime/11/77622.webp,https://www.youtube.com/watch?v=AmDvXksfPmo
2618,Treasure Island,宝島,26,1978,https://cdn.myanimelist.net/images/anime/11/56123.webp,https://www.youtube.com/watch?v=YLc4-jMRnBs
2685,Tsubasa RESERVoir CHRoNiCLE: Tokyo Revelations,ツバサ TOKYO REVELATIONS,3,2007,https://cdn.myanimelist.net/images/anime/4/49129.webp,https://www.youtube.com/watch?v=I6IW3hP_H1E
2921,Tomorrow's Joe 2,あしたのジョー２,47,1980,https://cdn.myanimelist.net/images/anime/3/45028.webp,https://www.youtube.com/watch?v=hJ5KjrjfD40
2951,Gintama: Jump Festa 2005 Special,銀魂〜何事も最初が肝心なので多少背伸びするくらいが丁度良い〜,1,2005,https://cdn.myanimelist.net/images/anime/1897/139500.webp,
3016,Legend of the Galactic Heroes: Overture to a New War,銀河英雄伝説外伝　新たなる戦いの序曲[オーヴァチュア],1,1993,https://cdn.myanimelist.net/images/anime/8/22498.webp,https://www.youtube.com/watch?v=RyXZPQaAHag
3226,,メジャー　（第4シリーズ),26,2008,https://cdn.myanimelist.net/images/anime/9/75217.webp,
3371,Legend of the Galactic Heroes Gaiden,銀河英雄伝説外伝／千億の星、千億の光,24,1998,https://cdn.myanimelist.net/images/anime/9/28463.webp,
3665,Legend of the Galactic Heroes Gaiden (1999),銀河英雄伝説外伝 螺旋迷宮,28,1999,https://cdn.myanimelist.net/images/anime/1682/134157.webp,
4918,,xxxHOLiC 春夢記,2,2009,https://cdn.myanimelist.net/images/anime/12/25079.webp,
4921,Ramayana: The Legend of Prince Rama,ラーマーヤナ ラーマ王子伝説,1,1993,https://cdn.myanimelist.net/images/anime/1070/104671.webp,https://www.youtube.com/watch?v=42tDHKICVOM
4938,Tsubasa RESERVoir CHRoNiCLE: Spring Thunder Chronicle,ツバサ 春雷記,2,2009,https://cdn.myanimelist.net/images/anime/9/33841.webp,
5028,,メジャー,25,2009,https://cdn.myanimelist.net/images/anime/9/75218.webp,
5029,,劇場版MAJOR 友情の一球（ウイニングショット）,1,2008,https://cdn.myanimelist.net/images/anime/10/75221.webp,https://www.youtube.com/watch?v=JPfdm7NRL0o
5365,La Maison en Petits Cubes,つみきのいえ,1,2008,https://cdn.myanimelist.net/images/anime/1063/117013.webp,https://www.youtube.com/watch?v=_vgP8Webz3o
5420,The Beast Player Erin,獣の奏者エリン,50,2009,https://cdn.myanimelist.net/images/anime/9/19845.webp,
5460,Detective Conan Movie 13: The Raven Chaser,名探偵コナン漆黒の追跡者(チェイサー),1,2009,https://cdn.myanimelist.net/images/anime/2/22558.webp,
6336,Mobile Suit Gundam Unicorn,機動戦士ガンダムUC（ユニコーン）,7,2010,https://cdn.myanimelist.net/images/anime/12/50459.webp,https://www.youtube.com/watch?v=I0J_HTYx31w
6467,Detective Conan Movie 14: The Lost Ship in the Sky,名探偵コナン 天空の難破船,1,2010,https://cdn.myanimelist.net/images/anime/7/22312.webp,
6864,,xxxHOLiC 籠,2,2010,https://cdn.myanimelist.net/images/anime/9/25080.webp,https://www.youtube.com/watch?v=ShLL9VntNXY
6945,Gintama: Jump Festa 2008 Special,ジャンプアニメツアー 2008 白夜叉降誕,1,2008,https://cdn.myanimelist.net/images/anime/6/16161.webp,
7655,,メジャー 第6シリーズ,25,2010,https://cdn.myanimelist.net/images/anime/2/75216.webp,https://www.youtube.com/watch?v=F07zIMLLya8
9130,Saint Seiya: The Lost Canvas 2,聖闘士星矢 THE LOST CANVAS 冥王神話 2,13,2011,https://cdn.myanimelist.net/images/anime/12/29597.webp,https://www.youtube.com/watch?v=CXdBvEjyN2U
9204,Heart and Yummie,おまえうまそうだな,1,2010,https://cdn.myanimelist.net/images/anime/11/27167.webp,https://www.youtube.com/watch?v=EyTTrNEtGYc
9735,,銀魂 新訳紅桜篇,1,2010,https://cdn.myanimelist.net/images/anime/12/26966.webp,
9890,,メジャー・メッセージ,1,2010,https://cdn.myanimelist.net/images/anime/11/75219.webp,
9963,Detective Conan Movie 15: Quarter of Silence,名探偵コナン 沈黙の15分,1,2011,https://cdn.myanimelist.net/images/anime/9/32035.webp,https://www.youtube.com/watch?v=_FzJB0xjbvQ
9996,,へうげもの,39,2011,https://cdn.myanimelist.net/images/anime/3/77282.webp,
10153,Magical Girl Lyrical Nanoha: The Movie 2nd A's,魔法少女リリカルなのは The MOVIE 2nd A's,1,2012,https://cdn.myanimelist.net/images/anime/1511/94432.webp,https://www.youtube.com/watch?v=sp9Qf55b3hs
10534,Doraemon: Nobita and the Steel Troops - The New Age,映画 ドラえもん 新・のび太と鉄人兵団～はばたけ 天使たち～,1,2011,https://cdn.myanimelist.net/images/anime/7/72436.webp,https://www.youtube.com/watch?v=p7PtiTGk7EU
10643,,アニメ銀魂　大反省会,1,2010,https://cdn.myanimelist.net/images/anime/1725/110927.webp,
10937,Mobile Suit Gundam: The Origin,機動戦士ガンダムTHE ORIGIN,6,2015,https://cdn.myanimelist.net/images/anime/4/72702.webp,https://www.youtube.com/watch?v=XVPSq_fpKf4
11917,,メジャー ワールドシリーズ編,2,2011,https://cdn.myanimelist.net/images/anime/5/75220.webp,
12069,Fighting Spirit Special,はじめの一歩 THE FIGHTING! ボクサーの拳,1,2003,https://cdn.myanimelist.net/images/anime/2/84664.webp,
15323,One Piece: Episode of Nami - Tears of a Navigator and the Bonds of Friends,ワンピースエピソード・オブ・ナミ～航海士の涙と仲間の絆～,1,2012,https://cdn.myanimelist.net/images/anime/5/41415.webp,
17739,Hidamari Sketch: Sae & Hiro Graduation,ひだまりスケッチ 沙英ヒロ 卒業編,2,2013,https://cdn.myanimelist.net/images/anime/1954/132952.webp,https://www.youtube.com/watch?v=j3TGSe5t0iE
19123,One Piece: Episode of Merry - The Tale of One More Friend,ワンピース エピソード・オブ・メリー ～もうひとりの仲間の物語～,1,2013,https://cdn.myanimelist.net/images/anime/9/61015.webp,
20651,Natsume’s Book of Friends: On a Certain Snowy Day,夏目友人帳 新作OVA いつかゆきのひに,1,2014,https://cdn.myanimelist.net/images/anime/11/79742.webp,
21419,Detective Conan Movie 18: The Sniper from Another Dimension,名探偵コナン　異次元の狙撃手（スナイパー）,1,2014,https://cdn.myanimelist.net/images/anime/11/60289.webp,https://www.youtube.com/watch?v=XQG4DG7zCH0
21469,,STAND BY ME ドラえもん,1,2014,https://cdn.myanimelist.net/images/anime/9/65571.webp,https://www.youtube.com/watch?v=RP-KqRkDWS0
21899,,銀魂 よりぬき銀魂さんオンシアター2D,2,2012,https://cdn.myanimelist.net/images/anime/1172/90571.webp,
25313,,銀魂 〜布団に入ってから拭き残しに気付いて寝るに寝れない時もある〜,1,2015,https://cdn.myanimelist.net/images/anime/1327/110925.webp,
27663,,ベイビーステップ 第2シリーズ,25,2015,https://cdn.myanimelist.net/images/anime/9/73683.webp,
29831,,たまゆら～卒業写真～ 第4部 朝-あした-,1,2016,https://cdn.myanimelist.net/images/anime/1697/134884.webp,https://www.youtube.com/watch?v=Zq3DTv-nlBc
30364,Haikyuu!! the Movie: The Winner and the Loser,ハイキュー!! 勝者と敗者,1,2015,https://cdn.myanimelist.net/images/anime/2/74813.webp,https://www.youtube.com/watch?v=lIVgCyNF9nc
31149,Persona 3 the Movie: #4 Winter of Rebirth,PERSONA3 THE MOVIE —#4 Winter of Rebirth—,1,2016,https://cdn.myanimelist.net/images/anime/9/77828.webp,https://www.youtube.com/watch?v=b7rwuFHkF-c
32005,Detective Conan Movie 20: The Darkest Nightmare,劇場版　名探偵コナン　純黒の悪夢（ナイトメア）,1,2016,https://cdn.myanimelist.net/images/anime/10/78894.webp,https://www.youtube.com/watch?v=bXkzfhqEKa8
32122,,銀魂 〜美味いモノは後回しにすると横取りされるからやっぱり先に食え〜,1,2015,https://cdn.myanimelist.net/images/anime/1720/110926.webp,
32366,Gintama: Love Incense Arc,銀魂　愛染香篇,2,2016,https://cdn.myanimelist.net/images/anime/1962/133573.webp,
32843,Symphogear XV,戦姫絶唱シンフォギアXV,13,2019,https://cdn.myanimelist.net/images/anime/1899/101966.webp,https://www.youtube.com/watch?v=Gl3vAScd2sk
33323,,神様はじめました「神様、幸せになる」,1,2016,https://cdn.myanimelist.net/images/anime/4/83437.webp,
34036,Detective Conan: Episode One - The Great Detective Turned Small,名探偵コナン エピソードONE 小さくなった名探偵,1,2016,https://cdn.myanimelist.net/images/anime/5/81968.webp,
34076,The Eccentric Family 2,有頂天家族2,12,2017,https://cdn.myanimelist.net/images/anime/8/85354.webp,https://www.youtube.com/watch?v=LU5KaJhxtsc
34376,,結城友奈は勇者である -鷲尾須美の章- 第３章「やくそく」,1,2017,https://cdn.myanimelist.net/images/anime/7/86984.webp,https://www.youtube.com/watch?v=owwnacwaNVI
34534,Natsume's Book of Friends Season 5 Specials,夏目友人帳 伍 特別編,2,2017,https://cdn.myanimelist.net/images/anime/3/84887.webp,
35110,Haikyu!! The Movie: Talent and Sense,ハイキュー!! 才能とセンス,1,2017,https://cdn.myanimelist.net/images/anime/3/86069.webp,https://www.youtube.com/watch?v=PcyUJ8DhPpk
35111,Haikyu!! The Movie: Battle of Concepts,ハイキュー!! コンセプトの戦い,1,2017,https://cdn.myanimelist.net/images/anime/3/86346.webp,https://www.youtube.com/watch?v=dkElc3YdfgU
35857,Lupin the Third Part 5,ルパン三世 PART5,24,2018,https://cdn.myanimelist.net/images/anime/1235/91028.webp,https://www.youtube.com/watch?v=8QYcM9Pplmc
36275,Natsume's Book of Friends Season 6 Specials,夏目友人帳 陸 特別編,2,2017,https://cdn.myanimelist.net/images/anime/10/87615.webp,https://www.youtube.com/watch?v=fn8Av6M3X6c
36369,Legend of the Galactic Heroes: Die Neue These - Stellar War Part 1,銀河英雄伝説 Die Neue These 星乱,4,2019,https://cdn.myanimelist.net/images/anime/1772/102667.webp,https://www.youtube.com/watch?v=CeKT-LytxVQ
36370,Legend of the Galactic Heroes: Die Neue These - Stellar War Part 2,銀河英雄伝説 Die Neue These 星乱 第2章,4,2019,https://cdn.myanimelist.net/images/anime/1215/103351.webp,https://www.youtube.com/watch?v=2KciYnYsAGI
36371,Legend of the Galactic Heroes: Die Neue These - Stellar War Part 3,銀河英雄伝説 Die Neue These 星乱 第3章,4,2019,https://cdn.myanimelist.net/images/anime/1782/103917.webp,https://www.youtube.com/watch?v=1DG6yObFStU
36538,Natsume's Book of Friends Movie: Ephemeral Bond,劇場版 夏目友人帳 ～うつせみに結ぶ～,1,2018,https://cdn.myanimelist.net/images/anime/1250/94846.webp,https://www.youtube.com/watch?v=urtKQZmyxQE
36593,,HuGっと！プリキュア,49,2018,https://cdn.myanimelist.net/images/anime/1220/92883.webp,https://www.youtube.com/watch?v=My1u0ka_xck
36990,,劇場版 のんのんびより ばけーしょん,1,2018,https://cdn.myanimelist.net/images/anime/1044/93575.webp,https://www.youtube.com/watch?v=sl89-kF75FI
37822,,斗罗大陆,237,2018,https://cdn.myanimelist.net/images/anime/1538/93566.webp,
37870,,BanG Dream!（バンドリ！）第3期,13,2020,https://cdn.myanimelist.net/images/anime/1985/104767.webp,https://www.youtube.com/watch?v=gYU9b0MJDz0
37962,IDOLiSH7 Second BEAT!,アイドリッシュセブン Second BEAT!,15,2020,https://cdn.myanimelist.net/images/anime/1962/106361.webp,https://www.youtube.com/watch?v=GFJnHFejErk
38081,Girls und Panzer das Finale – Part 2,『ガールズ＆パンツァー 最終章』第2話,1,2019,https://cdn.myanimelist.net/images/anime/1240/119215.webp,https://www.youtube.com/watch?v=2IHSIXtTovw
38088,,デジモンアドベンチャー LAST EVOLUTION 絆,1,2020,https://cdn.myanimelist.net/images/anime/1654/104884.webp,https://www.youtube.com/watch?v=wR7U3IDmFYA
38475,Laid-Back Camp: The Movie,映画 ゆるキャン△,1,2022,https://cdn.myanimelist.net/images/anime/1806/124396.webp,https://www.youtube.com/watch?v=DROz9ATilaw
38731,Ace of Diamond Act II,ダイヤのA[エース] actII,52,2019,https://cdn.myanimelist.net/images/anime/1153/100511.webp,https://www.youtube.com/watch?v=rXeRBV9vNnE
38850,,映画スター☆トゥインクルプリキュア 星のうたに想いをこめて,1,2019,https://cdn.myanimelist.net/images/anime/1324/101596.webp,https://www.youtube.com/watch?v=-TgdU8Fjb-E
39112,,カワキヲアメク,1,2019,https://cdn.myanimelist.net/images/anime/1776/121796.webp,
39166,Girls und Panzer das Finale – Part 3,『ガールズ＆パンツァー 最終章』第3話,1,2021,https://cdn.myanimelist.net/images/anime/1894/119214.webp,https://www.youtube.com/watch?v=oHCy6_TjFMw
39167,Girls und Panzer das Finale – Part 4,『ガールズ＆パンツァー 最終章』第4話,1,2023,https://cdn.myanimelist.net/images/anime/1652/138188.webp,https://www.youtube.com/watch?v=qlXBwJfybdU
39592,Mobile Suit Gundam: The Origin - Advent of the Red Comet,機動戦士ガンダム THE ORIGIN 前夜 赤い彗星,13,2019,https://cdn.myanimelist.net/images/anime/1897/100015.webp,
39894,Sound! Euphonium 3,響け！ユーフォニアム3,13,2024,https://cdn.myanimelist.net/images/anime/1216/142086.webp,https://www.youtube.com/watch?v=dzSh0bjmUVA
40211,The Legend of Hei,羅小黑戰記,1,2019,https://cdn.myanimelist.net/images/anime/1583/108598.webp,https://www.youtube.com/watch?v=G9oTNGF1OZE
40434,The Founder of Diabolism Season 3,魔道祖师 完结篇,12,2021,https://cdn.myanimelist.net/images/anime/1634/116782.webp,https://www.youtube.com/watch?v=YsA1hKfRqtQ
40664,Revue Starlight: The Movie,劇場版 少女☆歌劇 レヴュースタァライト,1,2021,https://cdn.myanimelist.net/images/anime/1655/114440.webp,https://www.youtube.com/watch?v=z5hfWlnhTqk
40784,Scissor Seven (2019),伍六七之最强发型师,10,2019,https://cdn.myanimelist.net/images/anime/1756/104551.webp,
40853,,STAND BY ME ドラえもん ２,1,2020,https://cdn.myanimelist.net/images/anime/1842/109657.webp,https://www.youtube.com/watch?v=SekwIeFBfAw
41361,Pompo: The Cinéphile,映画大好きポンポさん,1,2021,https://cdn.myanimelist.net/images/anime/1210/119193.webp,https://www.youtube.com/watch?v=nDpsTDHN_ac
41462,,BanG Dream! FILM LIVE 2nd Stage,1,2021,https://cdn.myanimelist.net/images/anime/1229/117735.webp,https://www.youtube.com/watch?v=SjDir7mlNLU
41781,,劇場版 BanG Dream! Episode of Roselia II:Song I am.,1,2021,https://cdn.myanimelist.net/images/anime/1246/115689.webp,https://www.youtube.com/watch?v=Oi1jH6lt8iY
41782,BanG Dream! Poppin'Dream!,劇場版 BanG Dream! ぽっぴん'どりーむ！,1,2022,https://cdn.myanimelist.net/images/anime/1856/119931.webp,https://www.youtube.com/watch?v=YCNlJypIoks
42886,Legend of the Galactic Heroes: Die Neue These - Collision,銀河英雄伝説 Die Neue These 激突,12,2022,https://cdn.myanimelist.net/images/anime/1859/118711.webp,https://www.youtube.com/watch?v=73ZRLL3dP7A
42894,Natsume's Book of Friends: The Waking Rock and the Strange Visitor,夏目友人帳 石起こしと怪しき来訪者,1,2021,https://cdn.myanimelist.net/images/anime/1992/111560.webp,https://www.youtube.com/watch?v=IuSKZlwGRNs
42941,,ウマ娘 プリティーダービー Season 2,13,2021,https://cdn.myanimelist.net/images/anime/1447/114282.webp,https://www.youtube.com/watch?v=3YmXymfB0mk
42984,,GOTCHA!,1,2020,https://cdn.myanimelist.net/images/anime/1637/109512.webp,
44042,Holo Graffiti,ホロのぐらふぃてぃ,,2019,https://cdn.myanimelist.net/images/anime/1259/110227.webp,
44070,Heaven Official's Blessing Special,天官赐福特别节目,1,2021,https://cdn.myanimelist.net/images/anime/1043/110306.webp,https://www.youtube.com/watch?v=O-584_wk3mw
44087,,銀魂 THE SEMI-FINAL,2,2021,https://cdn.myanimelist.net/images/anime/1694/110521.webp,
44235,,PUI PUI モルカー,12,2021,https://cdn.myanimelist.net/images/anime/1484/119197.webp,
45556,Scissor Seven (2021),伍六七之玄武国篇,10,2021,https://cdn.myanimelist.net/images/anime/1884/111224.webp,
45577,IDOLISH7 Third BEAT!,アイドリッシュセブン Third BEAT!,13,2021,https://cdn.myanimelist.net/images/anime/1646/115723.webp,https://www.youtube.com/watch?v=N6ppbbFucIQ
45649,,THE FIRST SLAM DUNK,1,2022,https://cdn.myanimelist.net/images/anime/1745/129284.webp,https://www.youtube.com/watch?v=9o7-Cgetho4
46422,Sacrificial Princess and the King of Beasts,贄姫と獣の王,24,2023,https://cdn.myanimelist.net/images/anime/1397/133339.webp,https://www.youtube.com/watch?v=xXGMz4KNymc
46654,IDOLiSH7 Third BEAT! Part 2,アイドリッシュセブン,17,2022,https://cdn.myanimelist.net/images/anime/1458/125998.webp,https://www.youtube.com/watch?v=Au9jYd7qOH0
47794,MILGRAM,ミルグラム,,2020,https://cdn.myanimelist.net/images/anime/1497/112023.webp,https://www.youtube.com/watch?v=ANtJ_kpPKsc
48411,,ARIA The BENEDIZIONE,1,2021,https://cdn.myanimelist.net/images/anime/1707/117069.webp,https://www.youtube.com/watch?v=kPDa4vuUbV4
48653,Racing into the Night,夜に駆ける,1,2019,https://cdn.myanimelist.net/images/anime/1548/124083.webp,
49053,given - on the other hand,ギヴン うらがわの存在,1,2021,https://cdn.myanimelist.net/images/anime/1031/115154.webp,https://www.youtube.com/watch?v=CN4vcq9RUzk
49320,Detective Conan Movie 25: The Bride of Halloween,名探偵コナン ハロウィンの花嫁,1,2022,https://cdn.myanimelist.net/images/anime/1744/120789.webp,https://www.youtube.com/watch?v=HTRrw7S7KoI
49521,Non Non Biyori Nonstop: Our Club Worked Hard,のんのんびより のんすとっぷ 部活をがんばった,1,2022,https://cdn.myanimelist.net/images/anime/1984/120788.webp,
49571,Swallowed Star 2nd Season,吞噬星空 第二季,26,2021,https://cdn.myanimelist.net/images/anime/1558/117008.webp,
49590,The Tatami Time Machine Blues,四畳半タイムマシンブルース,6,2022,https://cdn.myanimelist.net/images/anime/1583/126128.webp,https://www.youtube.com/watch?v=FY9ZH_KwSWE
49701,Fights Break Sphere: Three Year Agreement,斗破苍穹 三年之约,13,2021,https://cdn.myanimelist.net/images/anime/1029/118861.webp,
49722,Teasing Master Takagi-san: The Movie,からかい上手の高木さん,1,2022,https://cdn.myanimelist.net/images/anime/1376/123398.webp,https://www.youtube.com/watch?v=PesTvkh1nh4
50160,Kingdom: Season 4,キングダム 第4シリーズ,26,2022,https://cdn.myanimelist.net/images/anime/1566/122794.webp,https://www.youtube.com/watch?v=qv8eDYnEIQ4
50183,Blue Giant,BLUE GIANT,1,2023,https://cdn.myanimelist.net/images/anime/1958/132159.webp,https://www.youtube.com/watch?v=h1I116oS_Lk
50325,"Kaguya-sama: Love is War - Ultra Romantic ""Yu Ishigami Wants to Chat""",第３期『かぐや様は告らせたい-ウルトラロマンティック-』 / ティザーPV 「石上優は語りたい」,1,2021,https://cdn.myanimelist.net/images/anime/1265/119435.webp,
50399,Heaven Official's Blessing Season 2,天官賜福 貳,12,2023,https://cdn.myanimelist.net/images/anime/1203/139210.webp,https://www.youtube.com/watch?v=gZRZaElR0So
50407,Fog Hill of Five Elements,雾山五行·犀川幻紫林,4,2023,https://cdn.myanimelist.net/images/anime/1433/119529.webp,https://www.youtube.com/watch?v=BsTEjWAn330
50528,Golden Kamuy Season 4,ゴールデンカムイ,13,2022,https://cdn.myanimelist.net/images/anime/1855/128059.webp,https://www.youtube.com/watch?v=8usuFOSVV7Y
50587,,グリッドマン ユニバース,1,2023,https://cdn.myanimelist.net/images/anime/1897/133657.webp,https://www.youtube.com/watch?v=Q1BmA_2Zj-k
51039,Fights Break Sphere 5th Season,斗破苍穹年番,104,2022,https://cdn.myanimelist.net/images/anime/1419/126374.webp,
51318,Baki Hanma 2nd Season,範馬刃牙 SON OF OGRE,27,2023,https://cdn.myanimelist.net/images/anime/1800/135847.webp,https://www.youtube.com/watch?v=Ns8r8J44f6s
51440,Sasaki and Miyano: Graduation,映画 佐々木と宮野ー卒業編ー,1,2023,https://cdn.myanimelist.net/images/anime/1574/128922.webp,https://www.youtube.com/watch?v=1ZDrZqNFWjk
51805,Legend of the Galactic Heroes: Die Neue These - Intrigue,銀河英雄伝説 Die Neue These 策謀,12,2022,https://cdn.myanimelist.net/images/anime/1700/123762.webp,https://www.youtube.com/watch?v=AfDKYKRGG54
51836,Soul Land 2: The Peerless Tang Clan,斗罗大陆Ⅱ绝世唐门,52,2023,https://cdn.myanimelist.net/images/anime/1447/123844.webp,
52196,Date A Live V,デート・ア・ライブⅤ,12,2024,https://cdn.myanimelist.net/images/anime/1659/141438.webp,https://www.youtube.com/watch?v=xkbH8v2JFuk
52684,Throne of Seal 2nd Season,神印王座 第二季,130,2022,https://cdn.myanimelist.net/images/anime/1279/126735.webp,
52826,Tsurune - The Linking Shot -,ツルネ ―つながりの一射―,13,2023,https://cdn.myanimelist.net/images/anime/1803/132337.webp,https://www.youtube.com/watch?v=PC2w_ETFQDQ
52846,,Tot Musica,1,2022,https://cdn.myanimelist.net/images/anime/1816/127267.webp,
53127,Fate/strange Fake: Whispers of Dawn,Fate/strange Fake -Whispers of Dawn-,1,2023,https://cdn.myanimelist.net/images/anime/1220/136619.webp,https://www.youtube.com/watch?v=dQOtt9tW0F4
53223,Kingdom: Season 5,キングダム 第5シリーズ,13,2024,https://cdn.myanimelist.net/images/anime/1050/139641.webp,https://www.youtube.com/watch?v=jYztdVfUZX8
53236,Road of Naruto,ROAD OF NARUTO,1,2022,https://cdn.myanimelist.net/images/anime/1731/128787.webp,
53410,Laid-Back Camp Season 3,ゆるキャン△ SEASON3,12,2024,https://cdn.myanimelist.net/images/anime/1178/142710.webp,https://www.youtube.com/watch?v=fx5tfPNvubo
53540,Detective Conan Movie 26: Black Iron Submarine,名探偵コナン 黒鉄の魚影 (サブマリン),1,2023,https://cdn.myanimelist.net/images/anime/1138/133101.webp,https://www.youtube.com/watch?v=YKx9O6qsG-E
53672,Violet Evergarden: Recollections,ヴァイオレット・エヴァーガーデン特別総集版,1,2021,https://cdn.myanimelist.net/images/anime/1902/143097.webp,
54029,Scissor Seven: Shadow Fate,伍六七之暗影宿命,10,2023,https://cdn.myanimelist.net/images/anime/1088/132178.webp,
54650,,映画プリキュアオールスターズF,1,2023,https://cdn.myanimelist.net/images/anime/1959/137024.webp,https://www.youtube.com/watch?v=P8pkbHX9FdY
54839,Jellyfish Can't Swim in the Night,夜のクラゲは泳げない,12,2024,https://cdn.myanimelist.net/images/anime/1834/141827.webp,https://www.youtube.com/watch?v=1sY76sX_kZQ
54870,Rascal Does Not Dream of a Knapsack Kid,青春ブタ野郎はランドセルガールの夢を見ない,1,2023,https://cdn.myanimelist.net/images/anime/1937/138379.webp,https://www.youtube.com/watch?v=hO304LM67Ow
54915,The Quintessential Quintuplets~,五等分の花嫁∽,2,2023,https://cdn.myanimelist.net/images/anime/1567/135752.webp,https://www.youtube.com/watch?v=FtiMzS9nH1s
54959,,バンドリ！It's MyGO!!!!!,13,2023,https://cdn.myanimelist.net/images/anime/1891/136948.webp,https://www.youtube.com/watch?v=YVyXE61eYCA
55016,,アイドル,1,2023,https://cdn.myanimelist.net/images/anime/1921/135489.webp,
55102,,ガールズバンドクライ,13,2024,https://cdn.myanimelist.net/images/anime/1711/140515.webp,https://www.youtube.com/watch?v=eIFTnaPXnRM
55255,Alien Stage,ALIEN STAGE (에일리언스테이지),,2022,https://cdn.myanimelist.net/images/anime/1788/135794.webp,
55655,The Demon Hunter,沧元图,26,2023,https://cdn.myanimelist.net/images/anime/1785/136462.webp,
55855,Black Butler: Public School Arc,黒執事 -寄宿学校編-,11,2024,https://cdn.myanimelist.net/images/anime/1505/141820.webp,https://www.youtube.com/watch?v=a-5NVZrsS-0
56523,Swallowed Star 3rd Season,吞噬星空 第三季,33,2022,https://cdn.myanimelist.net/images/anime/1250/138217.webp,
56524,Swallowed Star 4th Season,吞噬星空 第四季,52,2023,https://cdn.myanimelist.net/images/anime/1212/138218.webp,
58689,Genshin Impact: The Song Burning in the Embers,《原神》「烬中歌」,1,2024,https://cdn.myanimelist.net/images/anime/1229/142648.webp,
